{"track":"ADC148224607","info":{"order_id":"4607","order_status_id":"1"},"status":[{"order_status_id":"1","order_status_sort":"1","order_status_name":"Store","belong_to_country":"us","order_status_notes":""},{"order_status_id":"2","order_status_sort":"2","order_status_name":"Shipping","belong_to_country":"us","order_status_notes":""},{"order_status_id":"3","order_status_sort":"3","order_status_name":"Pending at Airport","belong_to_country":"us","order_status_notes":""},{"order_status_id":"4","order_status_sort":"4","order_status_name":"Arrived","belong_to_country":"us","order_status_notes":""},{"order_status_id":"5","order_status_sort":"5","order_status_name":"Pending at Departure warehouse","belong_to_country":"vn","order_status_notes":""},{"order_status_id":"6","order_status_sort":"6","order_status_name":"Contact with consignee ","belong_to_country":"vn","order_status_notes":""},{"order_status_id":"7","order_status_sort":"7","order_status_name":"Delivered","belong_to_country":"us","order_status_notes":""}]}